{
    "accuracy": 0.485,
    "precision": 0.5555555555555556,
    "recall": 0.09523809523809523,
    "f1": 0.16260162601626016,
    "roc_auc": 0.526015037593985,
    "confusion_matrix": [
        [
            87,
            8
        ],
        [
            95,
            10
        ]
    ],
    "classification_report": {
        "0": {
            "precision": 0.47802197802197804,
            "recall": 0.9157894736842105,
            "f1-score": 0.628158844765343,
            "support": 95.0
        },
        "1": {
            "precision": 0.5555555555555556,
            "recall": 0.09523809523809523,
            "f1-score": 0.16260162601626016,
            "support": 105.0
        },
        "accuracy": 0.485,
        "macro avg": {
            "precision": 0.5167887667887668,
            "recall": 0.5055137844611528,
            "f1-score": 0.3953802353908016,
            "support": 200.0
        },
        "weighted avg": {
            "precision": 0.5187271062271063,
            "recall": 0.485,
            "f1-score": 0.3837413049220745,
            "support": 200.0
        }
    }
}